ObjectName,X,Y,Z
基準_101,0.44134509563446045,-2.116584539413452,0.4017808139324188
基準_102,-0.532016932964325,-1.975158452987671,0.39824098348617554
基準_103,1.4248631000518799,-2.3289806842803955,-0.15890799462795258
基準_104,0.8949035406112671,-1.7494474649429321,-0.20253443717956543
基準_105,-0.5283870100975037,-2.0371129512786865,-0.8660622239112854
基準_106,0.5714068412780762,-1.247175931930542,-0.22394827008247375
